{"cameraMode":{"drawMode":0,"name":"Shaded","section":"Shading Mode"},"sceneLighting":true,"audioPlay":false,"sceneViewState":{"showFog":true,"showMaterialUpdate":false,"showSkybox":true,"showFlares":true,"showImageEffects":true,"showParticleSystems":true},"in2DMode":false,"pivot":{"x":0.4223380386829376,"y":1.0336406230926514,"z":0.3805866241455078},"rotation":{"x":0.02866034395992756,"y":0.971249520778656,"z":-0.1602296382188797,"w":0.17372913658618928},"size":0.49874627590179446,"orthographic":false}