{"cameraMode":{"drawMode":0,"name":"Shaded","section":"Shading Mode"},"sceneLighting":true,"audioPlay":false,"sceneViewState":{"showFog":true,"showMaterialUpdate":false,"showSkybox":true,"showFlares":true,"showImageEffects":true,"showParticleSystems":true},"in2DMode":false,"pivot":{"x":1.380652666091919,"y":0.397350937128067,"z":2.731250762939453},"rotation":{"x":0.3937722146511078,"y":-0.03252752125263214,"z":0.01394501980394125,"w":0.9185282588005066},"size":5.848989963531494,"orthographic":false}