{"cameraMode":{"drawMode":0,"name":"Shaded","section":"Shading Mode"},"sceneLighting":true,"audioPlay":false,"sceneViewState":{"showFog":true,"showMaterialUpdate":false,"showSkybox":true,"showFlares":true,"showImageEffects":true,"showParticleSystems":true},"in2DMode":false,"pivot":{"x":0.6987123489379883,"y":-1.7323594093322755,"z":3.312265396118164},"rotation":{"x":0.2452094852924347,"y":-0.34344860911369326,"z":0.09339027851819992,"w":0.9017722606658936},"size":41.0763053894043,"orthographic":false}